name,11,22
etwxr9,32,1
LiIci111,32,1
Ankou54,32,1
G_G_Ge,32,1
Big_WhiteDragon,32,1
BluesEcho,32,1
EternalLuckyStar,32,1
Komepochi,32,1
NAGISAKI_MINATO,32,1
Rinko_1017,32,1
virmint,32,1
Kamikou_,16,1
Thehuantian,16,1
SonogamiRinne_,16,1
Mika_SPCT,16,1
Tokino_Fubuki,16,1
Aqua_Milk,16,1
SchrodingCats,16,1
Akasim14375,16,1
ddddd_Sama,16,1
Le0n_Frieken,16,1
BroadHen6241389,16,1
LogicNoob_,16,1
PaddiTime,16,1
LucidBrick,16,1
FlaOwO,16,1
julihao,16,1
Etherea1_One,16,1
EyjafjallaMC,16,1
Dumbledorest,16,1
Kwtide,16,1
lbpc2332,16,1
creeper_568,16,1
WuTongiii,16,1
Zqtingy,16,1
Trump15,16,1
Azur_Bismarck,16,1
ReinWD,16,1
BlackSmithly,16,1
yebuluoxi,16,1
ijn_natsukaze,16,1
YukiGeZi,16,1
Alrecue,16,1
LuoTianyi_Master,16,1
RainJadeQAQ,16,1
Dani233,16,1
slkzaw_233,16,1
Shiki_Z,16,1
FORSUM,16,1
Dubhe_ltq,16,1
Komeiji_Teriri,16,1
zzy252,16,1
Kinomotomoyo,16,1
ApertureG,16,1
6water,16,1
NicoYazawa_,16,1
Izumi_gd,16,1
Cory1usss_,16,1
wangchuan321,16,1
Akitsuki4852,16,1
BlingWang,16,1
SunGela,16,1
KomeijiIkari,16,1
Saionji_Yuren_,16,1
Mishieru,16,1
JaqEst,16,1
ExtraGhost,16,1
BG6TOE,16,1
Remnant_Leaf,16,1
Ich1li,16,1
Rain60w,16,1
Herry001,16,1
SC_HYDD,16,1
Ice_maplc,16,1
kksk666777,16,1
compa_if,16,1
Xicun,16,1
SupSoki,16,1
GX1608,16,1
VOL_lossy,16,1
Weeting,16,1
Nyaachen,16,1
Dragon_sauce_,16,1
bellwow,16,1
wsy95,16,1
Turing2002,16,1
Heleum,16,1
FollowerZz,16,1
LargeCerasus,16,1
Ping_timeout,16,1
Bersella_AI,16,1
RosmontisNoir,16,1
Currypa,16,1
Kyomotoi_,16,
Infarn,4,
wakuwaku114514,4,
Lv0721,4,
T_AILA,8,
lingrenzhixi,8,
Mr_xumouren,8,
FLYLX,12,
V0llerEIQuQ,12,
Dao_Mouse,16,
YorushiroLen,16,
lvdouhhh,16,
Rimo,16,
ItsSh1ro,8,
SliverGuy404,4,
an_qwq,12,
hellojavacraft,4,
XiaoMouz_OvO,4,